<?xml version="1.0" encoding="UTF-8"?>
<resources>
	
	<string name="back">Back</string>
	
	<!--InfinyScroll-->
	<string name="tap_to_load_more">Tap to load more...</string>
	<string name="no_more_to_load">No more to load...</string>
	<string name="scroll_error">scroll error</string>

	<!--PullToRefresh-->
	<string name="pull_to_refresh">Pull to refresh</string>
	<string name="release_to_refresh">Release to refresh</string>
	<string name="updating">Updating ...</string>

	<string name="login">Login</string>
	<string name="name">Name</string>
	<string name="firstname">First name</string>
	<string name="lastname">Last name</string>
	<string name="email">Email</string>
	<string name="currency">Currency</string>
	<string name="company_number">Co. number</string>
	<string name="phone">Phone</string>
	<string name="done">Done</string>
	<string name="password">Password</string>
	<string name="confirm">Confirm</string>
	<string name="not_right_pass">That's not the right password.</string>
	<string name="try_again_or_rquest">Please try again or request a new one.</string>
	<string name="signup">Sign up</string>
	<string name="new_password">New Password</string>
	<string name="reset_password">Reset password</string>
	<string name="blocked">Your account has been blocked,
for more information </string>
	<string name="contact_administrator">contact administrator</string>
	<string name="company_number">Co. number</string>
	
	<string name="try_again">Try again</string>
	
	
	<string name="signin">Login</string>
	<string name="I_agree_with">I agree with</string>
	<string name="terms_of_use">terms of use</string>
	<string name="create_account">Sign up</string>
	<string name="facebook_signin">Facebook</string>
	<string name="message">Message</string>
	<string name="company_name">Company name</string>
	<string name="use_current_location">Use my current location</string>
	<string name="tap_to_delete_image">Tap on image to delete it</string>
	
	<string name="send">Send</string>
	<string name="what_add">Add new deal/advert</string>
	<string name="add_new_advert">Add new advert</string>
	<string name="add_advert">New advert</string>
	<string name="add_deal">New deal</string>
	<string name="new_deal">Adding new deal</string>
	<string name="please_login_title">Please Login</string>
	<string name="please_login">Only logged users can add deals</string>
	<string name="please_login_price">Only logged users can send price offers</string>
	<string name="please_login_barter">Only logged users can send barter offers</string>
	<string name="please_login_notifications">Only logged users can use notifications</string>
	<string name="option_upgrade">To use this option please upgrade your account</string>
	

	<string name="tab_home">Home</string>
	<string name="tab_add">Add</string>
	<string name="tab_account">Account</string>
	<string name="tab_how_to_use">How to use</string>
	<string name="tab_appreciation">Show you appreciation</string>
	<string name="tab_about_us">About Us</string>
	<string name="tab_contact_us">Contact Us</string>
	<string name="tab_share">Share App</string>
	<string name="tab_investors">Investors / Affiliates</string>
	<string name="version">Version</string>
	
	<string name="win_home">Home</string>
	<string name="win_account">Account</string>
	<string name="win_add_advert">New Advert</string>
	<string name="win_add_deal">New Deal</string>
	<string name="win_new_product">Add New Product</string>
	<string name="win_appreciation">Appreciation</string>
	<string name="win_find">What are you looking for?</string>
	<string name="win_how_to_use">How to use</string>
	<string name="win_about_us">About Us</string>
	<string name="win_contact_us">Contact Us</string>
	<string name="win_add_complaint">New complaint</string>
	<string name="wib_share">Share App</string>
	<string name="notifications">Notifications</string>
	<string name="answer">Messages</string>
	<string name="tryAgain">Try again</string>
	<string name="choose_category">Choose category</string>
	<string name="deals_in_a_location">Deals in a location</string>
	<string name="all_companies_in_location">All companies in location</string>
	<string name="all_companies">All companies</string>
	<string name="voucher_successfull_get">Your vocher number is</string>
	<string name="send_to">Send to</string>
	<string name="voucher_code">Voucher code</string>
	<string name="my_voucher_code">My voucher code</string>

	<string name="contact_us">Contact Us</string>
	<string name="about_us">About Us</string>
	<string name="investors_text">We are looking for investors, which can invest 50,000$ and above, to expand and improve our products and services. If you are looking to invest in a promising product, please send us your details thru the "contact us" (it will be a link to the contact us), and we will get in touch with you.</string>
	<string name="text_appreciation">If we helped you to promote yourself and to do business, we will be appreciate your appreciation! 
Thank you!
AtadClub team</string>
	
	<string name="categories">Categories</string>
	<string name="select_category">Select</string>
	<string name="title">Title</string>
	<string name="image">Image</string>
	<string name="images">Images</string>


	<string name="allDealsFromSupplier">All deals from supplier</string>
	<string name="similardeals">Similar deals</string>
	<string name="getVauchers">Get Vauchers</string>
	<string name="deals">All deals</string>
	
	<string name="_new">New</string>
	<string name="declined">Declined</string>
	<string name="accepted">Accepted</string>
	<string name="decline">Decline</string>
	<string name="accept">Accept</string>
	<string name="state">State</string>

	<string name="category">Category</string>
	<string name="supplier">Supplier</string>
	<string name="rateDeal">Rate Deal</string>
	<string name="dealtype">Deal type</string>
	<string name="rating">Rating</string>
	<string name="companies">Companies</string>

	<string name="advert">Advert</string>
	<string name="offer">Offer</string>
	<string name="from">From</string>
	<string name="to">To</string>

	<string name="shouldSignin">You should sign in first to use account.</string>
	<string name="orSignup">If you don't have account, plese sign up.</string>
	<string name="orSignin">If you have account, plese sign in.</string>
	<string name="newSignUp">Create you account.</string>
	
	<string name="no_email">Email address is required.</string>
	<string name="invalid_email">Invalid email format.</string>
	<string name="no_password">Password is required.</string>
	<string name="not_signed">Email password pair no found.</string>
	<string name="not_updated">Can't update. Please correct errors.</string>
	<string name="no_message">Please enter you message.</string>
	<string name="no_first_name">First name is required.</string>
	<string name="no_last_name">Last name is required.</string>
	<string name="no_confirm">Passord confirm is required.</string>
	<string name="passwords_not_match">Passwords do not match.</string>
	<string name="can_not_create_account">Can't create account. Email used.</string>
	<string name="password_is_too_simple">Password is too simple. Use at least 6 signs.</string>
	<string name="no_description">Description is required.</string>
	<string name="no_renew_days">Renew days is required.</string>
	<string name="no_deal_types">Deal type is required.</string>
	<string name="no_start_date">Start date is required.</string>
	<string name="date_to_require">Start date is required.</string>
	<string name="date_from_require">End date is required.</string>
	<string name="date_equals">Start date cannot be greater than end date.</string>
	<string name="user_not_exist">User not found.</string>
	<string name="user_not_active">User has been blocked.</string>
	<string name="reset_sended">Please check your email! We've sent you an email that will allow you to reset your password quickly and easily.</string>
	<string name="no_currency">Currency is required.</string>
	<string name="no_about">About is required.</string>
	<string name="no_working_hours">Working hours is required.</string>
	<string name="no_terms">Terms is required.</string>

	<string name="no_title">Title is required.</string>
	<string name="no_price">Price is required.</string>
	<string name="no_address">Adress is required.</string>
	<string name="invalid_price">Please enter a valid price.</string>
	<string name="no_phone">Phone number is required.</string>
	<string name="invalid_phone">Please enter a valid phone number.</string>
	<string name="no_company_name">Company name is required.</string>
	<string name="no_number">Company number is required.</string>
	
	<string name="edit_profile">Edit my profile</string>
	<string name="add_company">Add my company info</string>
	<string name="edit_company">Edit my company info</string>
	<string name="deals">Deals</string>
	<string name="products">Products</string>
	<string name="contact_supplier">Chat with supplier</string>
	<string name="my_adverts">My adverts</string>
	<string name="my_answers">Messages</string>
	<string name="buy_banner">Buy banner</string>
	<string name="reports">Reports</string>

	<string name="my_deals">My deals</string>
	<string name="my_products">My products</string>
	<string name="my_offers">My offers</string>
	<string name="stats">Statistics</string>
	<string name="complains">Complaints</string>
	<string name="complain">Complaint</string>
	<string name="complaint">Complaint</string>
	<string name="complaints">Complaints</string>
	<string name="logout">Logout</string>

	<string name="price">Price</string>
	<string name="description">Description</string>
	<string name="about_the_deal">About the deal</string>
	<string name="contactInfo">Contact info</string>
	<string name="vouchers">Vouchers</string>

	<string name="yes">Yes</string>
	<string name="no">No</string>
	<string name="add">Add</string>
	<string name="update">Update</string>
	<string name="map">Map</string>
	<string name="list">List</string>
	<string name="adverts">Adverts</string>
	<string name="start_date">Start date</string>
	<string name="finish_date">Finish date</string>
	<string name="vacancy">Vacancy </string>
	<string name="start_time">Start time</string>
	<string name="end_time">End time</string>
	<string name="work_time">Work time</string>
	<string name="send">Send</string>
	<string name="active">Active</string>
	<string name="not_active">Inactive</string>
	<string name="notyfication_settings_updated">Your notifications settings was successfully updated</string>
	<string name="network_off_line">Your device is now offline. Turn on network to continue.</string>
	<string name="offer_sent">You offer was successfully sent.</string>
	<string name="cancel">Cancel</string>
	<string name="no_connection">No internet connection, please try again later.</string>
	<string name="error_send_message">Server unavailable, trying to reconnect and send last message again.</string>
	<string name="chat_server_unavailable">Chat server unavailable</string>
	
	<string name="new_message">You have new message</string>
	<string name="chat">Chat</string>
	
	<string name="barter_offer">Barter offer</string>
	<string name="barter_image">Barter image</string>

	<string name="_15_min">15 min</string>
	<string name="_30_min">30 min</string>
	<string name="_45_min">45 min</string>
	<string name="_1_hour">1 hour</string>
	<string name="_2_hour">2 hours</string>
	<string name="_3_hour">3 hours</string>
	<string name="_4_hour">4 hours</string>
	<string name="_5_hour">5 hours</string>
	
	<string name="new_deals">New deals</string>
	<string name="all_deals">All deals</string>
	

	<string name="please_select_category">Please select category</string>
	<string name="add_image_from_gallery">Gallery</string>
	<string name="add_image_from_camera">Camera</string>
	<string name="delete_image">Delete</string>
	
	<string name="sort_by">Sort by</string>
	<string name="distance">Distance</string>
	<string name="my_price_offer">My price offer</string>
	<string name="my_barter_offer">My barter offer</string>
	<string name="send_my_price_offer">Send my price offer</string>
	<string name="send_my_barter_offer">Send my barter offer</string>
	

	<!-- NEW ADVERT/DEAL -->
	<string name="advert_title">Title</string>
	<string name="advert_price">Price</string>
	<string name="advert_description">Description</string>

	<string name="add_advert_button">Add advert</string>
	<string name="update_advert_button">Update</string>
	<string name="delete_advert_button">Delete</string>
	<string name="delete_advert_title">Advert will be deleted permanently!</string>
	<string name="delete_advert_message">Are you shure to delete it?</string>

	<string name="add_product_button">Add product</string>
	<string name="update_product_button">Update product</string>
	<string name="delete_product_button">Delete product</string>
	<string name="delete_product_title">Product will be deleted permanently!</string>
	<string name="delete_product_message">Are you shure to delete it?</string>


	<string name="add_advert_description_label">Descriptoin</string>

	<string name="deal_renew">Auto renew</string>
	<string name="deal_is_active_during">Deal is active during 
part of the day</string>
	<string name="use_vouchers">Limit with vouchers (optional)</string>
	
	<string name="show_help_durning">When you want to do a deal only in certain hours, you can enable this button by moving it to "on" position and then you can choose the hours the promotion will be active</string>
	<string name="show_help_renew">In general, the deal can be active for 24 hours. If you want a deal/promotion to run more than 24 hours, you can automatically renew the deal validity up to 30 days</string>
	<string name="show_help_vouchers">By enabling this option, you will be able to control how many people will be able to get your deal. You can choose how many vouchers as you want and people will come and show you the voucher before getting your deal. You can see your vouchers in "my account"</string>
	
	<string name="add_deal_button">Add deal</string>
	<string name="update_deal_button">Update deal</string>
	<string name="delete_deal_button">Delete deal</string>
	<string name="delete_deal_title">Deal will be deleted permanently!</string>
	<string name="delete_deal_message">Are you shure to delete it?</string>


	<!-- COMPANY -->
	<string name="up_click_for_company">If you are registered buisiness,
please click here</string>
	<string name="about_company">About</string>
	<string name="working_hours">Working 
hours</string>
	<string name="terms_company">Terms</string>
	<string name="company_logo">Logo</string>
	<string name="company_updated_label">You company info was succesfully updated!</string>

	<string name="period">Period</string>
	<string name="type">Type</string>
	<string name="for_">For</string>
	<string name="hours">Hours</string>
	
	<!-- ALERTS -->
	<string name="signup_or_signin_title">You need to sign in</string>
	<string name="signup_or_signin_message">To perform this action you should be signed up</string>

	<string name="should_be_company_title">You should be signed as company</string>
	<string name="should_be_company_message">This service available for business use only</string>

	<string name="select_category">Select</string>
	<string name="address">Address</string>
	<string name="use_current_location">Use my current location</string>
	
	<!--GEO ERRORS-->
	<string name="xhr_error">Network error</string>
	<string name="json_error">Network error</string>
	<string name="err_geo_device_turned_off">You GPS device has turned off.</string>
	<string name="err_geo_running_services_disallowed">Geo servise disallowed. Please try allow on device settings.</string>
	<string name="err_geo_system_services_disallowed">Geo servise disallowed. Please try allow on device settings.</string>
	<string name="err_geo_location_unknown">Could not check you position.</string>
	<string name="err_geo_access_denied">Could not check you position.</string>
	<string name="err_geo_network_error">Network error</string>
	<string name="err_geo_failure_detect_heading">failure detect headling&nbsp;</string>
	<string name="err_geo_region_monitoring_access_denied">Could not check you position.</string>
	<string name="err_geo_region_monitoring_access_failure">Could not check you position.</string>
	<string name="err_geo_region_monitoring_setup_delayed">Could not check you position.</string>
	<string name="err_geo_region_monitoring_setup_delayed">Could not check you position.</string>

	<string name="INVALID_REQUEST">Can't check you address.</string>
	<string name="MAX_ELEMENTS_EXCEEDED">Can't check you address.</string>
	<string name="OVER_QUERY_LIMIT">Can't check you address.</string>
	<string name="REQUEST_DENIED">Can't check you address.</string>
	<string name="UNKNOWN_ERROR">Can't check you address.</string>

	<string name="avdvert_added_label">You advert was succesfully added!</string>
	<string name="avdvert_added_title">Advert added</string>
	<string name="avdvert_updated_label">You advert was succesfully updated!</string>
	<string name="avdvert_updated_title">Advert updated</string>

	<string name="deal_added_label">You deal was succesfully added!</string>
	<string name="deal_added_title">Deal added</string>
	<string name="deal_updated_label">You deal was succesfully updated!</string>
	<string name="deal_updated_title">Deal updated</string>
	

	<string name="add_another_advert">Do you wand toa add another advert</string>
	<string name="view_my_adverts">View my adverts</string>

	<string name="category_label">Category</string>
	<string name="distance_label">Distance</string>
	
	<string name="select_category">Select</string>
	<string name="find_button">Search</string>
	
	<string name="search_result">Search result</string>
	<string name="back_to_search_result">Back to search result</string>
	
	<string name="about_you_advert_subject">About you advert ...</string>
	<string name="about_you_advert_message">Hello, %s!</string>

	<string name="about_you_offer_subject">About you offer ...</string>
	<string name="about_you_offer_message">Hello, %s!</string>

	
	<string name="update">Update</string>
	
	<string name="server_not_authorized">You not authorized</string>		
	<string name="server_invalid_data">Please correct errors and try again.</string>		
	<string name="server_email_used">Email already taken. Please try another.</string>		
	<string name="server_login_password_not_found">Email password pair no found.</string>		
	
	<string name="_button"></string>
	
	<string name="success_contact_us">You message was successfully sent and will be answered soon.</string>
	
	<string name="no_adverts_found">No adverts found</string>
	<string name="no_adverts_in_subcategories">Adverts not found in selected categories. Do you want to view other categories?</string>
	<string name="no_adverts_in_you_location">Adverts not found on you location. Do you want to view other nearest adverts?</string>
	
	<string name="advert_added">You advert was successfully added. You can review it on Account tab, My adverts window</string>
	<string name="advert_updated">You advert was successfully updated.</string>
	<string name="ok">Ok</string>
	<string name="select_all">All</string>
	
	<string name="black_list">Black List</string>
	<string name="block_supplier">Would you like to block this supplier?</string>
	
	<string name="my_black_list">My black list</string>
	<string name="similardeals">Similar deals</string>
	<string name="allDealsFromSupplier">All deals from supplier</string>
	<string name="complaint">Complaint</string>
	<string name="strip">Strip</string>
	<string name="pop_up">Pop up</string>
	<string name="notify_type">Type of notification</string>
	<string name="product_added_label">You product was successfully added</string>
	<string name="product_updated_label">You product was successfully updated</string>
	
	<!-- Share-->
	<string name="tab_share">Share App</string>
	<string name="sms">SMS</string>
	<string name="email">Email</string>
	<string name="facebook">Facebook</string>
	<string name="twitter">Twitter</string>
	<string name="google">Google+</string>
	<string name="share_text">Hi, I found this great app to follow all business in the neighborhood. Try it and let me know how was it!</string>
	
	<!-- Contact Us -->
	<string name="subject">Subject</string>
	<string name="bug_report">Bug report</string>
	<string name="investment">Investment</string>
	<string name="features_suggestion">Features suggestion</string>
	<string name="improvement_suggestion">Improvement suggestion</string>
	<string name="affiliate_request">Affiliate request</string>
	<string name="blocked_account">Blocked account</string>
	<string name="other">Other</string>
	
	<!-- Upgrade -->
	<string name="upgrade">Upgrade</string>
	<string name="Silver">Silver</string>
	<string name="Gold">Gold</string>
	<string name="silver_deals">Silver deals</string>
	<string name="gold_deals">Gold deals</string>
	<string name="gold_adverts">Gold adverts</string>
	<string name="silver_business">Silver membership - Business</string>
	<string name="gold_business">Gold membership - Business</string>
	<string name="gold_private">Gold membership - private</string>
	<string name="upgrade_account">Upgrade account</string>
	<string name="to_DATE">to</string>
	<string name="buing_silver_month">Congratulation! You buy silver membership for business on month</string>
	<string name="buing_silver_year">Congratulation! You buy silver membership for business on year</string>
	<string name="buing_gold_private_month">Congratulation! You buy gold membership for private on month</string>
	<string name="buing_gold_private_year">Congratulation! You buy gold membership for private on year</string>
	<string name="buing_gold_business_month">Congratulation! You buy gold membership for business on month</string>
	<string name="buing_gold_business_year">Congratulation! You buy gold membership for business on year</string>
	
	<!-- Buy banner -->
	<string name="country">Country</string>
	<string name="city">City</string>
	<string name="street">Street</string>
	<string name="house">House</string>
	<string name="country_require">Country is required</string>
	<string name="city_require">City is required</string>
	<string name="image_require">Image is required</string>
	<string name="request_send">Thank you! We will contact you soon.</string>
	<string name="buy_banner_text">Here you can purchase the banner that is uploading when every user open the app. The banner is location base and everybody within 2KM from your business will be expose to the banner.
If there will be more than 1 banner in a location, the banners will appear randomly.
send us your banner and location and we will send you a quotation.</string>
	
	<!-- Location service -->
	<string name="address_not_found">Address not found</string>
	<string name="location_service_disable">Location service disable</string>
	
	
	<!-- Complaints -->
	<string name="spam">It is spam</string>
	<string name="not_relevant">The dial is not relevant</string>
	<string name="misleading">Misleading information</string>
	<string name="not_real">It is not a real business</string>
	<string name="other">Other</string>
	
	
	<string name="registration_success">Thank you for registering!</string>
	
	<string name="limit">Your membership is limited to </string>
	<string name="limit_deals">deals</string>
	<string name="limit_adverts">adverts</string>
	<string name="upgrade_membership">Upgrade membership</string>
	<string name="save_item">Save images...</string>
	<string name="maxRenew_part1">This renew interval available for </string>
	<string name="maxRenew_separator"> and </string>
	<string name="maxRenew_part2"> business membership only.</string>
	
	
	<string name="choose_deals">Choose Deals for Report</string>
	<string name="send_to_email">Send to e-mail</string>
	<string name="best_deals">Best Deals</string>
	<string name="choose_deals">Please choose deals</string>
	<string name="report_sended">Report was sended on your e-mail</string>
		
	
	
	<!-- Terms of use  -->
	<string name="terms">Terms of use</string>
	<string name="terms_not_argee">In order to use our services, you must agree to terms of use.</string>
	<string name="terms_text">מבוא
ג. אטד אחזקות בע"מ ("החברה") היא הבעלים והמפעילה של אפליקציית Atad club. 
השימוש באפליקציה כפופה להסכמתך המקדמית לתנאי השימוש כפי שיפורטו להלן בתקנון זה ("תקנון השימוש"). על כן נבקשך לקרוא בעיון את תקנון השימוש טרם שימושך באפליקציה 

בשימושך באפליקציה את/ה מסכים/ה להיות קשור ולפעול על פי התנאים המפורטים בתקנון השימוש ומאשר בזאת כי קראת והינך מסכים/ה לתנאים אלו. אם אינך מסכים/ה באופן מלא לכל התנאים המפורטים בתקנון השימוש, אנא הפסק/י מיד כל שימוש נוסף באפליקציה.
ויתור והגבלת אחריות
המידע, התכנים והשירותים (ביחד "השירותים") המוצעים לך באפליקציה מוצעים AS IS והחברה, מנהליה, בעלי מניותיה, בעלי שליטה בה, חברות הקשורות אליה ומי מטעמם של כל אלו (להלן יחד עם החברה: "הקבוצה") לא יישאו בכל אחריות להתאמתם לצרכיך ו/או למטרותיך. 

כל האמור, המתפרסם מעת לעת באפליקציה הינו בבחינת המלצה בלבד ואין בהם כדי לחייב את הקבוצה ו/או להטיל עליה אחריות מכל מין וסוג שהוא ביחס לפעולות המשתמשים בהסתמך על אותו פרסום ועל בסיסו. 
הקבוצה אינה אחראית בכל צורה שהיא לשימוש ו/או התוכן המפורסם באתרים אליהם מפנה האפליקציה ו/או פרסומות באפליקציה. כל שימוש באתרים אלו יעשה על אחריותך הבלעדית. 

הקבוצה לא תהא אחראית, בכל מקרה ועל פי תיאוריה משפטית כלשהי (לרבות נזיקית, חוזית, עשיית עושר וכדומה), כלפיך ו/או כלפי כל אדם אחר, במישרין ובעקיפין, לכל נזק ישיר או עקיף, הנובעים משימוש באפליקציה ו/או בשירותים ו/או בשל חוסר יכולת לעשות שימוש באפליקציה ו/או בשירותים ו/או מאי תקינותה של האפליקציה ו/או בשל אובדן מידע ו/או נזק למכשיר הנייד שלך ו/או למידע המאוחסן במכשיר הנייד שלך ו/או נזק הנובע ממחיקה מלאה או חלקית של המידע המאוחסן ולכל נזק אחר שהוא בין אם הנזק צפוי ובין אם שאינו צפוי, והינך מצהיר/ה בזאת כי את/ה אחראי/ת באופן בלעדי לכל שימוש אשר את/ה עושה באפליקציה ו/או בשירותים בין אם בתשלום ובין אם ללא תשלום.
נהלי הרשמה ומסירת מידע אישי
במסגרת השימוש באפליקציה הדורשת מסירת מידע אישי (כדוגמת הלוחות השונים) תתבקש/י לספק מספר נתונים אישיים כדוגמת: שם מלא, מספר טלפון, כתובת דואר אלקטרוני, ועוד. נתונים אלה יועברו ויישמרו במאגר המידע של החברה, ולא ניתן יהיה למוחקם. יודגש כי מסירת הנתונים הנ"ל על ידך אינה מחויבת על פי חוק, אולם, ללא מסירת הנתונים המוגדרים באפליקציה כ"חובה", לא תוכל להשתמש בשירותים המוצעים באפליקציה, כדוגמת פרסום בלוח המכירות של האפליקציה, יצירת מבצעים וכדומה.
מדיניות ניהול מודעות באפליקציה
החברה רשאית לבטל/לשנות/לערוך כל מודעה באפליקציה, לפי שיקול דעתה. 
החברה שומרת לעצמה את הזכות לא לאשר נוסח של מודעה שאינו ראוי ו/או אינו עומד בסטנדרטים של האפליקציה. 
בהתאם לתקנון השימוש כל אדם רשאי להכניס מודעה אחת בלבד באותו עניין, לערוך ולשנות אותה בכל עת. 
לא יכניס המשתמש למודעה לינק/קישור לאתר אינטרנט אחר או כתובת אינטרנט בין בכתב ובין בתוך תמונה. פרסום של מספר טלפון יעשה אך ורק בתוך שדות יצירת הקשר ולא בטקסט חופשי.
אופן השימוש של החברה במידע
שימושך באפליקציה, כמו גם שימושם של משתמשים אחרים, עשוי להביא לאיסוף מידע ונתונים אודות סוג הפעילות אותה ביצעת באפליקציה כדוגמת פרסום בלוחות המכירות המופיעים באפליקציה, דירוגך של מבצעים מסוימים וכדומה. 

מידע זה, כמו גם המידע האישי לגביך ("המידע") - ככל שתמסור כזה - יישמר במאגר הנתונים של החברה. החברה מתחייבת בזאת לעשות שימוש במידע הנ"ל בכפוף להוראות כל דין. 
השימוש במידע שייאסף על ידי החברה , ככל שייאסף, ייוחד בין היתר להתאמה אישית של פרסומות, קבלת/שליחת דואר אלקטרוני / SMS, להביא לידיעתך על מבצעים חדשים שעשויים לעניין אותך וכדומה.
העברת מידע למפרסמים וצדדים שלישיים אחרים
במסגרת פעילות החברה והאפליקציה ייתכן והחברה תעביר מעת לעת מידע ממאגר נתוניה לרבות מודעות המתפרסמות באפליקציה ופרטי מפרסמי מודעות באפליקציה (כולל מידע מזהה כדוגמת שם וטלפון) למפרסמים שונים ו/או לצדדים שלישיים אחרים. מובהר בזאת, כי אישור משתמש / מפרסם מודעה באפליקציה את תנאי תקנון השימוש מהווה הסכמתו אף להעברת מידע זה כאמור למפרסמים ו/או לצדדים שלישיים אחרים, ולא תהיה למשתמש / מפרסם טענה ו/או דרישה כלפי הקבוצה כהגדרתה לעיל(לרבות החברה) עקב כך.
אבטחת מידע
החברה מאבטחת את המידע המצוי באפליקציה וברשת מחשביה ככל שהיא נוגעת להפעלת האפליקציה, במערכות מתקדמות. על אף המאמצים והמשאבים המושקעים בכך, החברה אינה יכולה להתחייב בפני המשתמשים לכך שלא תתאפשר חדירה לא חוקית למאגרי המידע הכלולים באפליקציה וברשת המחשבים.
זכויות יוצרים וקניין רוחני
החברה הינה בעלת זכויות היוצרים והקניין הרוחני באפליקציה, באופן בלעדי. במסגרת זכויות היוצרים והקניין הרוחני נכללים, בין היתר, עיצובו הגראפי של האפליקציה, מבנה האפליקציה, מרכיביה הצורניים והמהותיים של האפליקציה, הטקסטים המופיעים בה, הפרסומים, מודעות המפורסמות באפליקציה וכן קבצים ויישומים מכל מין וסוג שהוא. 

חל איסור מוחלט על העתקה, הפצה, הצגה, פרסום או העברה של הנ"ל או חלק מהם, לרבות כל מודעה המפורסמת באפליקציה (בין בלוח המכירות של האפליקציה ובין בכל מקום אחר באפליקציה), אלא אם ניתנה לכך הסכמת החברה מראש ובכתב. 

השימוש באפליקציה ופרסום מודעות
למרות שהחברה עושה את מירב המאמצים להתאים את האפליקציה לכל משתמש באופן האופטימאלי ביותר הרי שהאפליקציה הינה אפליקציה המיועדת לציבור בכללותו וכל המידע המובא בה - לרבות לוחות המודעות - עומד לרשות ציבור המשתמשים כמות שהוא. מעת לעת, מטעמי עיצוב ונוחות – הפנייה באפליקציה הינה בלשון נקבה או זכר אולם מתייחסת תמיד גם למין השני. 

השימוש באפליקציה - על כל מגוון שירותיה - הינו על אחריותך בלבד. 

השימוש באפליקציה מוגבל לפרסום מודעה בנוגע לנכס/מוצר/שירות/מבצע שמפרסם/ת המודעה מבקש/ת למכור, לעיון קהל המתעניינים באותן מודעות, ולפניה למפרסם המודעות בשל עניין של הפונה בנכס/מוצר/שירות/מבצע שפרסם/ה. אין להשתמש באפליקציה למטרה אחרת מהמטרות הנ"ל, וכל שימוש באפליקציה למטרה זרה כאמור אסור בהחלט. 

מובהר כי כלל השירותים השונים באפליקציה מוצעים למשתמשי האפליקציה בהתאם לתנאים הקבועים על ידי החברה והגישה והשימוש בהם מותנים בעמידה בתנאי הסף אשר ייקבעו על ידי החברה. החברה שומרת את הזכות שלא לאשר את השימוש בשירותים המוצעים על ידה עקב אי עמידה בתנאים אלו, וזאת על פי שיקול דעתה המוחלט. 

הינך מצהיר/ה ומתחייב/ת שלא לאסוף נתונים מהאפליקציה בכל צורה שהיא. כל שימוש אחר, לרבות פניה למפרסם המודעה שלא על מנת להתעניין ברכישת/שכירת הנכס/המוצר/השירות שפורסם, יהווה משום שימוש בניגוד לתנאי תקנון השימוש, על כל המשתמע מכך, והחברה שומרת לעצמה הזכות לתבוע בגינו פיצוי מתאים. 

מבלי לגרוע מהאמור לעיל הנך מצהיר ומתחייב:
•	שלא להעתיק ו/או לשכפל ו/או לעדכן ו/או לשנות ו/או להפיץ ו/או לפרסם ברבים כל תוכן המצוי באפליקציה.
•	שלא לבצע כל פעולה אשר תייצר ו/או אשר עלולה לייצר עומס על מערכות ושרתי האפליקציה.
•	שלא לבצע כל פעולה המתערבת ו/או המפריעה (ו/או אשר מנסה להתערב ו/או להפריע) בדרך הפעולה הרגילה של האפליקציה והשירותים.
•	שלא לעקוף או לנסות לעקוף כל אמצעי טכנולוגי הקיים באפליקציה ו/או במערכות הקשורות אליה אשר תפקידו למנוע אלו מן הפעילויות האסורות תחת תקנון השימוש.
מובהר בזאת, כי האפליקציה מהווה פלטפורמת פרסום למשתמשים והחברה אינה אחראית על תוכן המודעות המתפרסמות במסגרתו. יחד עם זאת נהלי החברה אוסרים פרסום של מודעות שנושאיהן אינם חוקיים ו/או פוגעניים. למען הסר ספק יובהר בזאת כי אין לפרסם באפליקציה מודעות למכירת/שיווק/השכרת/אספקת/פרסום/הפצת מוצרים ושירותים המנוגדים לחוק. החברה לא תישא בכל אחריות נזיקית או פלילית כתוצאה מפרסום מודעה כאמור או היענות לה. החברה אף שומרת על זכותה לפנות במקרה הצורך לרשויות אכיפת החוק על מנת למנוע המשך פרסום של מוצרים/שירותים כאמור בתקנון השימוש תוך חשיפת פרטי המפרסם. 

מבלי לפגוע מכלליות האמור לעיל הינך מתחייב שלא לפרסם ו/או להזין לאפליקציה אחד או יותר מן התכנים הבאים:
•	כל חומר הפוגע או מפר זכויות קנייניות של אחרים או מסלף זכויות ו/או תכנים של צדדים שלישיים
•	כל חומר פורנוגראפי או בעל אופי מיני בוטה, המפר הוראות כל דין או עלול לפגוע ברגשות הציבור.
•	כל חומר הנוגע לקטינים שלא התקבלה הסכמה של האפוטרופוסים החוקיים ומזהה אותם כקטינים או כולל את פרטיהם האישיים או מענם ודרכי ההתקשרות עימם.
•	כל מידע בטחוני רגיש, או מידע אחר אשר מטבעו רגיש.
•	כל חומר בלתי-חוקי, או חומר המעודד, תומך, מסייע, מספק הוראות לביצוע או מנחה בביצוע מעשה המהווה עבירה פלילית לפי דיני מדינת ישראל. כל חומר המהווה לשון הרע (הוצאת דיבה) על אדם.
•	כל חומר החושף את פרטיו האישיים או האינטימיים של אדם (לרבות שמו), מבלי שהוא עצמו מסר אותו ו/או חומר הפוגע בפרטיותו ו/או בצנעת אישיותו של אדם.
היה ותפר/י אחד או יותר מן התנאים שלעיל, את/ה תשפה את החברה בגין כל נזק שיגרם לה כתוצאה מהפרות אלו. 

החברה שומרת לעצמה את הזכות לחסום/לבטל/להסיר כל מודעה שאינה עומדת בהוראות תקנון השימוש ו/או הוראות הדין ו/או נהלי החברה ו/או אשר יש בה כדי לפגוע בכל אדם או ישות משפטית אחרת ו/או אשר נסיבות פרסומה קשורות, במישרין או בעקיפין, למעשה של תרמית או לכל מעשה אסור אחר. 

אין באמור לעיל או להלן כדי לחייב את החברה לפעול בצורה הנזכרת לעיל ובכל מקרה ונסיבות לא תהא אחראית הקבוצה לכל נזק אשר ייגרם לצד כלשהו בגין פעולה או היעדר פעולה מצד החברה בהקשר זה.
הפעלתה השוטפת של האפליקציה
החברה אינה מתחייבת להפעיל את האפליקציה במתכונתה הקיימת לפרק זמן מסוים או קבוע. החברה שומרת לעצמה את הזכות לערוך כראות עיניה שינויים מבניים ומהותיים באפליקציה, לבטל, להוסיף, לשנות ולעדכן את כל הפונקציות הקיימות בה, בכל עת. הפרעה בפעילותו השוטפת והתקינה של האפליקציה, אגב ביצוע תיקונים, שינויים ושיפורים לא תהווה עילה לכל תביעה, טענה או דרישה מצדך. החברה מצדה עושה ותמשיך לעשות את מירב המאמצים על מנת שתוכל לגלוש ולהשתמש באפליקציה באופן שוטף וקבוע אולם היא אינה מתחייבת כי לא יארעו שיבושים, תקלות או הפרעות הכרוכות וקשורות בהפעלת האפליקציה והנלווים להפעלה זו.
מתווכים/ לקוחות עסקיים/ בעלי מקצוע
מדיניות ניהול אמצעי פרסום, וזאת מבלי לפגוע בשאר הוראות תקנון השימוש, ככל שאלה חלות, בשינויים המתחייבים, הינה כדלקמן: 
1.	בפרק זה, למונח "המזמין" תהא הפרשנות הבאה: "כל מי שמזמין מאת החברה אמצעי פרסום ו/או רוכש חברות מועדון מסוג כסף או זהב".
2.	במידה וכרטיס האשראי יידחה ולא ייפרע תשלום במועדו, הדבר יגרור חיוב בריבית פיגורים ששיעורה יהא זהה לשיעור ריבית הפיגורים החריגה המפורסמת ע"י בנק לאומי לישראל, וזאת מבלי לגרוע מכל סעד וזכות אחרים הנתונים לחברה לפי כל דין.
3.	המזמין מאשר ומצהיר כי תוכן פרסום המודעות ו/או הפרסומות שיפורסם על ידו אינו מפר ולא יפר הוראות כל דין ו/או זכויות (לרבות זכויות קניין רוחני) צד שלישי כלשהו.
4.	המזמין מאשר כי ידוע לו שהחברה תהא רשאית, בכל עת, שלא לאשר פרסום תוכן מודעות ו/או פרסומים שאינם כדין ו/או להתנות אישור לפרסומם בתנאים ו/או לחזור בה בכל עת מאישור שניתן לפרסומם, וזאת מכל סיבה שהיא לרבות עקב חשש לפגיעה בזכויות צדדים שלישיים ו/או חוקיות הפרסום, והוא מאשר ומצהיר כי החברה לא תישא בכל אחריות לכל נזק ו/או הפסד ו/א והוצאה שייגרמו למזמין במישרין או בעקיפין כתוצאה מכך.
5.	ידוע ומוסכם על המזמין כי החברה תהא רשאית להסיר זמנית את תוכן פרסום המודעות עקב תקלה באפליקציה ו/או במידה ואלה לא יפעלו באופן תקין במצב כאמור. כמו כן, החברה תהא רשאית להסיר לאלתר את תוכן פרסום המודעות במידה ותמצא כי התוכן הנ"ל לא מפורסם ו/או מוצג כדין ו/או בניגוד לאמור בתקנון האפליקציה (ו/או במסגרת מסמך זה) ו/או מפר זכויות של צד שלישי כלשהו ו/או לפי טענת צד שלישי כלשהו כי התוכן הנ"ל מפר את זכויותיו. למזמין לא תהיה כל טענה כנגד החברה בגין האמור.
6.	כמו כן, ידוע ומוסכם על המזמין כי החברה תהא רשאית להסיר מודעות ואף לחסום את המזמין מלפרסם מודעות נוספות במקרים בהם יגיעו תלונות ממשתמשים על תוכן לא ראוי, תוכן לא אמיתי, הטעייה מכווונת ו/או כל סיבה אחרת אשר המשתמשים רואים כפוגענית. 
7.	המזמין מתחייב לשפות את החברה בגין כל נזק, הפסד, חבות, הוצאות והפסד הכנסה שייגרמו לה עקב תביעה ו/או דרישה שתופנה אליה מצדו של צד שלישי כלשהוא, ושעילתה קשורה במישרין או בעקיפין בפרסום תוכן המודעות שפורסמו ע"י המזמין, לרבות בגין פגיעה בזכות קניינית, שמו הטוב, פרטיותו של כל צד ג' ו/או הפרת כל דין. מבלי לגרוע מהאמור, החברה תיידע את המזמין לגבי כל תביעה כאמור, ותאפשר לו להשתתף בניהול ההגנה.
8.	ממועד אישורה של הצעה זו ע"י המזמין יחול ההסכם בין הצדדים בהתאם לתוכנו של מסמך זה ובכפוף לתנאי תקנון האפליקציה, וכל שינוי או תוספת שלא אושרו בכתב ע"י הצדדים לא יהיו תקפים.
למעט אם צוין מפורשות אחרת באפליקציה או בתקנון השימוש, כל שימוש באפליקציה במסגרת של ו/או בקשר ישיר או עקיף לעסק כפוף לתשלום ואין לבצעו ללא קבלת אישור מפורש מצד החברה ומתן הסכמת המשתמש העסקי לתנאי ההתקשרות של החברה; וזאת במסגרת הליכי הרישום לשירות הרלוונטי באפליקציה
לקוח עסקי לצורך תקנון השימוש הינו כל יחיד, שותפות או תאגיד מכל סוג שהוא שעיסוקם במסחר קמעונאי, סיטונאי או זעיר, ישיר או עקיף, של מוצרים ו/או שירותים. 
החברה רשאית בכל עת לשנות את התעריפים, המסלולים ויתר תנאי ההתקשרות עם לקוחותיה העסקיים. 

תחולת הדין וסמכות שיפוט ייחודית
על השימוש באפליקציה יחולו דיני מדינת ישראל והם בלבד. לבתי המשפט בתל-אביב-יפו תהא סמכות השיפוט הייחודית בכל הנוגע לתקנון השימוש ולשימוש באפליקציה.

	</string>
	
	
	
<string name="about_text">ATAD Club is an application that provides the best platform for businesses and private people to conduct trading in the surrounding area and neighborhood. You can also check for deals in a surrounding location you will go to in the future, even in a different country. The application will be most effective when as many people in your neighborhood will have it and use it. In private trading you can also make a bid for new price or even offer them to trad with something you want to sell. You can also do auction and sell it to the highest bidder.</string>

<string name="how_to_use">General ATAD Club is an application that was created in order to give everybody the ability to trade and locate deals in the nearby area. The application will give you the ability to: sell whatever you want in an easy way, locate deals from nearby businesses and neighbors (garage sale), locate deals and businesses up to 2KM radius from an address, define your custom alerts, negotiate with people about pricing and/or offer them barter (trading) and much more. You can also do auction and sell it to the highest bidder. Locate deals around me. To locate deals around you, first you need to set your notifications , or use the default notification (which is all categories...). In the homepage, you will get all the deals in your default notification settings or you can search for something specific (if you want to search for items from private people (second hand or something like this), you need to choose Garage sale). All you need to do is choose category and sub category (you can choose more than 1), choose the radius distance, click the search button and you will get all the deals in the area matching your search. In a "Garage sale" deal, you have "offer different price/barter" button. It gives you the ability to negotiate with the seller about the price or even offer him to trade with something else you want to sell (barter). Create my own deal. ATAD Club allow you to create your own deal. In order to sell something, you click on "new deal/advert" that is in the menu at the bottom of your screen. If you are registered, you need to identify yourself, and if not, to register. You get your menu and click on advert. Here you will see all your adverts. You can edit/delete existing adverts or click on the "add" button (located on top right side) and create new advert. Everyone who see your advert can negotiate with you about the price or even offer you to trade with something else he want to sell (barter). Locate deals according to address. If you want to check what deals are available nearby a place you will be going to soon, you can do it easily! All you need is to write the address in the home page, click search and the application will show you if there are any deals there according to the search data you entered. Locate business according to address. ATAD Club can also show you all the businesses in a specific area or nearby you. All you need to do is click on "more" and then click on "search a business by location". If you want the businesses nearby you, click on "detect my location" or just enter the desired address and the application will show you all the businesses in that area. How can I benefit from ATAD Club? It is very simple!! Sent the app to all your friends and neighbors (especially those who are geographically  to you!) and ask all the businesses you go to near your home to try it. This way you will know about their deals and if you will try to sell something, people nearby will get your deal and can come immediately because they are already in your area! So share it now and benefit!! How can I control my alerts? You can easily control the frequency of your alerts, the method, the time you will get the alerts, what type of deals you will be getting alerts on, what is the radius and so on. All you need is to go to "MORE", "Notifications" and set your own alert preferences.</string>


</resources>